Title,FlavorText,File,Copies,Die 1,Die 2,Die 3,Bonus Type 1,Bonus Type 2,Mechanics,Setup / Payoff,EffectTiming,EffectText,Text EV,,Active,Dice EV Key,Dice EV,Bonus EV,Non-Text EV,Total EV,Cost,,HasFlavorText,HasEffect,IsEffectPlay,IsEffectPass,IsEffectNext,IsEffectLift,IsEffectMulti,NumDice0,NumDice1,NumDice2,NumDice3,Die1Green,Die2Green,Die3Green,Die1Blue,Die2Blue,Die3Blue,Die1Black,Die2Black,Die3Black,NumIcons1Or2,NumIcons2,Icon1Wild,Icon1Green,Icon1Blue,Icon1Black,Icon1DoubleBlack,Icon1Groomed,Icon1Powder,Icon1Ice,Icon1Moguls,Icon1Trees,Icon1Cliffs,Icon2Wild,Icon2Green,Icon2Blue,Icon2Black,Icon2DoubleBlack,Icon2Groomed,Icon2Powder,Icon2Ice,Icon2Moguls,Icon2Trees,Icon2Cliffs,Unused
Falling Leaves,,Starter,2,Green,,,Green,,,,,,0.000,,TRUE,Gre,2.29,0.25,2.54,2.54,1,,FALSE,FALSE,FALSE,FALSE,FALSE,FALSE,FALSE,FALSE,TRUE,FALSE,FALSE,TRUE,FALSE,FALSE,FALSE,FALSE,FALSE,FALSE,FALSE,FALSE,TRUE,FALSE,FALSE,TRUE,FALSE,FALSE,FALSE,FALSE,FALSE,FALSE,FALSE,FALSE,FALSE,FALSE,FALSE,FALSE,FALSE,FALSE,FALSE,FALSE,FALSE,FALSE,FALSE,FALSE,
Pizza Party,,Starter,2,Green,,,Groomed,,,,,,0,,TRUE,Gre,2.29,0.25,2.54,2.54,1,,FALSE,FALSE,FALSE,FALSE,FALSE,FALSE,FALSE,FALSE,TRUE,FALSE,FALSE,TRUE,FALSE,FALSE,FALSE,FALSE,FALSE,FALSE,FALSE,FALSE,TRUE,FALSE,FALSE,FALSE,FALSE,FALSE,FALSE,TRUE,FALSE,FALSE,FALSE,FALSE,FALSE,FALSE,FALSE,FALSE,FALSE,FALSE,FALSE,FALSE,FALSE,FALSE,FALSE,FALSE,
Bold Beginnings,,Starter,2,Green,Green,,,,,,,,0,,TRUE,GreGre,4.17,0,4.17,4.17,1,,FALSE,FALSE,FALSE,FALSE,FALSE,FALSE,FALSE,FALSE,FALSE,TRUE,FALSE,TRUE,TRUE,FALSE,FALSE,FALSE,FALSE,FALSE,FALSE,FALSE,FALSE,FALSE,FALSE,FALSE,FALSE,FALSE,FALSE,FALSE,FALSE,FALSE,FALSE,FALSE,FALSE,FALSE,FALSE,FALSE,FALSE,FALSE,FALSE,FALSE,FALSE,FALSE,FALSE,FALSE,
Skill Up,,Starter,2,Blue,,,,,,,,,0,,TRUE,Blu,3.31,0,3.31,3.31,1,,FALSE,FALSE,FALSE,FALSE,FALSE,FALSE,FALSE,FALSE,TRUE,FALSE,FALSE,FALSE,FALSE,FALSE,TRUE,FALSE,FALSE,FALSE,FALSE,FALSE,FALSE,FALSE,FALSE,FALSE,FALSE,FALSE,FALSE,FALSE,FALSE,FALSE,FALSE,FALSE,FALSE,FALSE,FALSE,FALSE,FALSE,FALSE,FALSE,FALSE,FALSE,FALSE,FALSE,FALSE,
Signature Style,,Starter,1,Green,,,Wild,,,,Multi,use [Fri] effect,0,,TRUE,Gre,2.29,1,3.29,3.29,1,,FALSE,TRUE,FALSE,FALSE,FALSE,FALSE,TRUE,FALSE,TRUE,FALSE,FALSE,TRUE,FALSE,FALSE,FALSE,FALSE,FALSE,FALSE,FALSE,FALSE,TRUE,FALSE,TRUE,FALSE,FALSE,FALSE,FALSE,FALSE,FALSE,FALSE,FALSE,FALSE,FALSE,FALSE,FALSE,FALSE,FALSE,FALSE,FALSE,FALSE,FALSE,FALSE,FALSE,FALSE,
Just Send It,,Starter,1,Green,Green,Green,,,,,,,0,,TRUE,GreGreGre,5.63,0,5.63,5.63,1,,FALSE,FALSE,FALSE,FALSE,FALSE,FALSE,FALSE,FALSE,FALSE,FALSE,TRUE,TRUE,TRUE,TRUE,FALSE,FALSE,FALSE,FALSE,FALSE,FALSE,FALSE,FALSE,FALSE,FALSE,FALSE,FALSE,FALSE,FALSE,FALSE,FALSE,FALSE,FALSE,FALSE,FALSE,FALSE,FALSE,FALSE,FALSE,FALSE,FALSE,FALSE,FALSE,FALSE,FALSE,
Lesson,,Special,20,None,,,Wild,Wild,,,,,0,,TRUE,Non,0.00,2,2.00,2.00,1,,FALSE,FALSE,FALSE,FALSE,FALSE,FALSE,FALSE,TRUE,FALSE,FALSE,FALSE,FALSE,FALSE,FALSE,FALSE,FALSE,FALSE,FALSE,FALSE,FALSE,TRUE,TRUE,TRUE,FALSE,FALSE,FALSE,FALSE,FALSE,FALSE,FALSE,FALSE,FALSE,FALSE,TRUE,FALSE,FALSE,FALSE,FALSE,FALSE,FALSE,FALSE,FALSE,FALSE,FALSE,
Speed Check,"Drop the speed, save the run",Shop,1,Green,,,Green,Groomed,"Wobble, Low Hand Size",Payoff,Play,You may discard a card to remove all of your wobbles.,0.061,,TRUE,Gre,2.29,0.5,2.79,2.85,0,,TRUE,TRUE,TRUE,FALSE,FALSE,FALSE,FALSE,FALSE,TRUE,FALSE,FALSE,TRUE,FALSE,FALSE,FALSE,FALSE,FALSE,FALSE,FALSE,FALSE,TRUE,TRUE,FALSE,TRUE,FALSE,FALSE,FALSE,FALSE,FALSE,FALSE,FALSE,FALSE,FALSE,FALSE,FALSE,FALSE,FALSE,FALSE,TRUE,FALSE,FALSE,FALSE,FALSE,FALSE,
Centrifugal Force,Catapulted straight out of your comfort zone,Shop,1,Green,,,Blue,Ice,"Dice changes, Wobble",Setup,Next,Upgrade 1 die for each wobble you have.,1.083,,TRUE,Gre,2.29,0.5,2.79,3.88,0,,TRUE,TRUE,FALSE,FALSE,TRUE,FALSE,FALSE,FALSE,TRUE,FALSE,FALSE,TRUE,FALSE,FALSE,FALSE,FALSE,FALSE,FALSE,FALSE,FALSE,TRUE,TRUE,FALSE,FALSE,TRUE,FALSE,FALSE,FALSE,FALSE,FALSE,FALSE,FALSE,FALSE,FALSE,FALSE,FALSE,FALSE,FALSE,FALSE,FALSE,TRUE,FALSE,FALSE,FALSE,
Tireless Training,All that hard work just paid off,Shop,1,Blue,,,Double Black,Moguls,Die Manipulation,Setup,Next,Increase any number of dice showing 2 or higher 1,0.333,,TRUE,Blu,3.31,0.5,3.81,4.14,0,,TRUE,TRUE,FALSE,FALSE,TRUE,FALSE,FALSE,FALSE,TRUE,FALSE,FALSE,FALSE,FALSE,FALSE,TRUE,FALSE,FALSE,FALSE,FALSE,FALSE,TRUE,TRUE,FALSE,FALSE,FALSE,FALSE,TRUE,FALSE,FALSE,FALSE,FALSE,FALSE,FALSE,FALSE,FALSE,FALSE,FALSE,FALSE,FALSE,FALSE,FALSE,TRUE,FALSE,FALSE,
Pushed to the Limit,"That old board saved you, one last time",Shop,1,Green,,,Green,,Trash,Payoff,Next,"At the end of your turn, trash the next card played.",2.050,,TRUE,Gre,2.29,0.25,2.54,4.59,0,,TRUE,TRUE,FALSE,FALSE,TRUE,FALSE,FALSE,FALSE,TRUE,FALSE,FALSE,TRUE,FALSE,FALSE,FALSE,FALSE,FALSE,FALSE,FALSE,FALSE,TRUE,FALSE,FALSE,TRUE,FALSE,FALSE,FALSE,FALSE,FALSE,FALSE,FALSE,FALSE,FALSE,FALSE,FALSE,FALSE,FALSE,FALSE,FALSE,FALSE,FALSE,FALSE,FALSE,FALSE,
Local's Discount,The ultimate passholder perk is knowing which line moves fastest.,Shop,1,Green,,,Black,,Purchase,Payoff,Multi,Use the [Play] or [Next] effect of a card in the shop,2.074,,TRUE,Gre,2.29,0.25,2.54,4.62,0,,TRUE,TRUE,FALSE,FALSE,FALSE,FALSE,TRUE,FALSE,TRUE,FALSE,FALSE,TRUE,FALSE,FALSE,FALSE,FALSE,FALSE,FALSE,FALSE,FALSE,TRUE,FALSE,FALSE,FALSE,FALSE,TRUE,FALSE,FALSE,FALSE,FALSE,FALSE,FALSE,FALSE,FALSE,FALSE,FALSE,FALSE,FALSE,FALSE,FALSE,FALSE,FALSE,FALSE,FALSE,
Brand New Boots,"They're stiff now, but you'll thank them later",Shop,1,Black,,,Powder,Cliffs,"Dice changes, Low Hand Size",Setup,Next,Discard a card. Gain a black die and upgrade a die.,0.457,,TRUE,Bla,4.31,0.5,4.81,5.27,0,,TRUE,TRUE,FALSE,FALSE,TRUE,FALSE,FALSE,FALSE,TRUE,FALSE,FALSE,FALSE,FALSE,FALSE,FALSE,FALSE,FALSE,TRUE,FALSE,FALSE,TRUE,TRUE,FALSE,FALSE,FALSE,FALSE,FALSE,FALSE,TRUE,FALSE,FALSE,FALSE,FALSE,FALSE,FALSE,FALSE,FALSE,FALSE,FALSE,FALSE,FALSE,FALSE,FALSE,TRUE,
Purge the Pack,"The lighter the pack, the faster you'll go",Shop,1,Blue,,,Blue,Powder,"Trash, Large Hand Size",Payoff,Lift,You may trash an additional card.,1.025,,TRUE,Blu,3.31,0.5,3.81,4.83,0,,TRUE,TRUE,FALSE,FALSE,FALSE,TRUE,FALSE,FALSE,TRUE,FALSE,FALSE,FALSE,FALSE,FALSE,TRUE,FALSE,FALSE,FALSE,FALSE,FALSE,TRUE,TRUE,FALSE,FALSE,TRUE,FALSE,FALSE,FALSE,FALSE,FALSE,FALSE,FALSE,FALSE,FALSE,FALSE,FALSE,FALSE,FALSE,FALSE,TRUE,FALSE,FALSE,FALSE,FALSE,
Demo Fleet,Demos are built for things you'd never do to your own.,Shop,1,Green,,,Moguls,,Dice changes,Setup,Next,Gain 1 green die.,2.292,,TRUE,Gre,2.29,0.25,2.54,4.83,0,,TRUE,TRUE,FALSE,FALSE,TRUE,FALSE,FALSE,FALSE,TRUE,FALSE,FALSE,TRUE,FALSE,FALSE,FALSE,FALSE,FALSE,FALSE,FALSE,FALSE,TRUE,FALSE,FALSE,FALSE,FALSE,FALSE,FALSE,FALSE,FALSE,FALSE,TRUE,FALSE,FALSE,FALSE,FALSE,FALSE,FALSE,FALSE,FALSE,FALSE,FALSE,FALSE,FALSE,FALSE,
Tuck and Hold,"Once you can hear your jacket flapping, you're halfway there",Shop,1,Blue,Green,,Blue,Groomed,"Discard Pile, Large Hand Size, Low Hand Size",Setup,Play,"You may discard 2 cards. If you do, at the start of the next round, draw 2 cards.",-0.086,,TRUE,BluGre,5.17,0.5,5.67,5.58,0,,TRUE,TRUE,TRUE,FALSE,FALSE,FALSE,FALSE,FALSE,FALSE,TRUE,FALSE,FALSE,TRUE,FALSE,TRUE,FALSE,FALSE,FALSE,FALSE,FALSE,TRUE,TRUE,FALSE,FALSE,TRUE,FALSE,FALSE,FALSE,FALSE,FALSE,FALSE,FALSE,FALSE,FALSE,FALSE,FALSE,FALSE,FALSE,TRUE,FALSE,FALSE,FALSE,FALSE,FALSE,
Helmet Headphones,Music so loud you can't hear your own thoughts,Shop,1,Green,Green,,Moguls,,"Discard Pile, Top Deck Manipulation, Fun",Payoff,Play,Discard the top card of your deck: Gain fun equal to its cost.,0.018,,TRUE,GreGre,4.17,0.25,4.42,4.44,0,,TRUE,TRUE,TRUE,FALSE,FALSE,FALSE,FALSE,FALSE,FALSE,TRUE,FALSE,TRUE,TRUE,FALSE,FALSE,FALSE,FALSE,FALSE,FALSE,FALSE,TRUE,FALSE,FALSE,FALSE,FALSE,FALSE,FALSE,FALSE,FALSE,FALSE,TRUE,FALSE,FALSE,FALSE,FALSE,FALSE,FALSE,FALSE,FALSE,FALSE,FALSE,FALSE,FALSE,FALSE,
Hot Lap,Straight out of the chair and down the mountain,Shop,1,Black,,,Black,Double Black,,Payoff,Lift,"After taking the lift, immediately take another turn.",0.500,,TRUE,Bla,4.31,0.5,4.81,5.31,0,,TRUE,TRUE,FALSE,FALSE,FALSE,TRUE,FALSE,FALSE,TRUE,FALSE,FALSE,FALSE,FALSE,FALSE,FALSE,FALSE,FALSE,TRUE,FALSE,FALSE,TRUE,TRUE,FALSE,FALSE,FALSE,TRUE,FALSE,FALSE,FALSE,FALSE,FALSE,FALSE,FALSE,FALSE,FALSE,FALSE,FALSE,TRUE,FALSE,FALSE,FALSE,FALSE,FALSE,FALSE,
Scope the Line,"Looks entirely doable, from up here.",Shop,1,Blue,,,Wild,,"Dice changes, Top Deck Manipulation, Discard Pile",Setup,Next,"Discard the top card of your deck. If its cost is equal to or greater than the card played, upgrade 2 dice.",1.083,,TRUE,Blu,3.31,1,4.31,5.39,0,,TRUE,TRUE,FALSE,FALSE,TRUE,FALSE,FALSE,FALSE,TRUE,FALSE,FALSE,FALSE,FALSE,FALSE,TRUE,FALSE,FALSE,FALSE,FALSE,FALSE,TRUE,FALSE,TRUE,FALSE,FALSE,FALSE,FALSE,FALSE,FALSE,FALSE,FALSE,FALSE,FALSE,FALSE,FALSE,FALSE,FALSE,FALSE,FALSE,FALSE,FALSE,FALSE,FALSE,FALSE,
Scout Run,The shortest path down is rarely the safest one.,Shop,1,Blue,,,Green,Trees,Top Deck Manipulation,Setup,Pass,Look at the top 3 cards of your deck. Put 1 card on top and discard the other 2.,1.492,,TRUE,Blu,3.31,0.5,3.81,5.30,0,,TRUE,TRUE,FALSE,TRUE,FALSE,FALSE,FALSE,FALSE,TRUE,FALSE,FALSE,FALSE,FALSE,FALSE,TRUE,FALSE,FALSE,FALSE,FALSE,FALSE,TRUE,TRUE,FALSE,TRUE,FALSE,FALSE,FALSE,FALSE,FALSE,FALSE,FALSE,FALSE,FALSE,FALSE,FALSE,FALSE,FALSE,FALSE,FALSE,FALSE,FALSE,FALSE,TRUE,FALSE,
Pre-Season Hype,The mountain is calling.,Shop,1,Blue,,,Green,Ice,"Top Deck Manipulation, Purchase",Setup,Pass,You may put cards you gain on top of your deck.,1.640,,TRUE,Blu,3.31,0.5,3.81,5.45,0,,TRUE,TRUE,FALSE,TRUE,FALSE,FALSE,FALSE,FALSE,TRUE,FALSE,FALSE,FALSE,FALSE,FALSE,TRUE,FALSE,FALSE,FALSE,FALSE,FALSE,TRUE,TRUE,FALSE,TRUE,FALSE,FALSE,FALSE,FALSE,FALSE,FALSE,FALSE,FALSE,FALSE,FALSE,FALSE,FALSE,FALSE,FALSE,FALSE,FALSE,TRUE,FALSE,FALSE,FALSE,
Lost and Found,Nothing like finding a perfectly good energy bar in snow.,Shop,1,Green,,,Green,Powder,"Trash, Large Hand Size",Setup,Lift,You may gain a card from the trash to your hand.,2.572,,TRUE,Gre,2.29,0.5,2.79,5.36,0,,TRUE,TRUE,FALSE,FALSE,FALSE,TRUE,FALSE,FALSE,TRUE,FALSE,FALSE,TRUE,FALSE,FALSE,FALSE,FALSE,FALSE,FALSE,FALSE,FALSE,TRUE,TRUE,FALSE,TRUE,FALSE,FALSE,FALSE,FALSE,FALSE,FALSE,FALSE,FALSE,FALSE,FALSE,FALSE,FALSE,FALSE,FALSE,FALSE,TRUE,FALSE,FALSE,FALSE,FALSE,
Double Down,First run so good you gotta run it back,Shop,1,Green,,,Wild,,,Setup,Next,Activate the next played card's effect an additional time.,2.074,,TRUE,Gre,2.29,1,3.29,5.37,0,,TRUE,TRUE,FALSE,FALSE,TRUE,FALSE,FALSE,FALSE,TRUE,FALSE,FALSE,TRUE,FALSE,FALSE,FALSE,FALSE,FALSE,FALSE,FALSE,FALSE,TRUE,FALSE,TRUE,FALSE,FALSE,FALSE,FALSE,FALSE,FALSE,FALSE,FALSE,FALSE,FALSE,FALSE,FALSE,FALSE,FALSE,FALSE,FALSE,FALSE,FALSE,FALSE,FALSE,FALSE,
Bootleg Tune Up,Factory spec performance on a backyard budget,Shop,1,Green,,,Black,,Die Manipulation,Setup,Next,"Before rolling, set one die to any value.",2.697,,TRUE,Gre,2.29,0.25,2.54,5.24,0,,TRUE,TRUE,FALSE,FALSE,TRUE,FALSE,FALSE,FALSE,TRUE,FALSE,FALSE,TRUE,FALSE,FALSE,FALSE,FALSE,FALSE,FALSE,FALSE,FALSE,TRUE,FALSE,FALSE,FALSE,FALSE,TRUE,FALSE,FALSE,FALSE,FALSE,FALSE,FALSE,FALSE,FALSE,FALSE,FALSE,FALSE,FALSE,FALSE,FALSE,FALSE,FALSE,FALSE,FALSE,
Single-Ski Style,"You bragged about it, so now you have to do it",Shop,1,Green,,,Groomed,,"Die Manipulation, Wobble",Payoff,Next,"Before rolling, set one die to 1 and gain 10 fun.",2.803,,TRUE,Gre,2.29,0.25,2.54,5.34,0,,TRUE,TRUE,FALSE,FALSE,TRUE,FALSE,FALSE,FALSE,TRUE,FALSE,FALSE,TRUE,FALSE,FALSE,FALSE,FALSE,FALSE,FALSE,FALSE,FALSE,TRUE,FALSE,FALSE,FALSE,FALSE,FALSE,FALSE,TRUE,FALSE,FALSE,FALSE,FALSE,FALSE,FALSE,FALSE,FALSE,FALSE,FALSE,FALSE,FALSE,FALSE,FALSE,FALSE,FALSE,
Watch This,The cameras are rolling. Don't fall now!,Shop,1,Green,,,Double Black,Cliffs,Fun,Setup,Next,Gain fun equal to highest value rolled,3.200,,TRUE,Gre,2.29,0.5,2.79,5.99,0,,TRUE,TRUE,FALSE,FALSE,TRUE,FALSE,FALSE,FALSE,TRUE,FALSE,FALSE,TRUE,FALSE,FALSE,FALSE,FALSE,FALSE,FALSE,FALSE,FALSE,TRUE,TRUE,FALSE,FALSE,FALSE,FALSE,TRUE,FALSE,FALSE,FALSE,FALSE,FALSE,FALSE,FALSE,FALSE,FALSE,FALSE,FALSE,FALSE,FALSE,FALSE,FALSE,FALSE,TRUE,
Forever Four,Friends carving their stories in the snow,Shop,1,Green,Green,,Wild,,Die Manipulation,Payoff,Play,Gain +2 skill for each die showing 4.,0.800,,TRUE,GreGre,4.17,1,5.17,5.97,0,,TRUE,TRUE,TRUE,FALSE,FALSE,FALSE,FALSE,FALSE,FALSE,TRUE,FALSE,TRUE,TRUE,FALSE,FALSE,FALSE,FALSE,FALSE,FALSE,FALSE,TRUE,FALSE,TRUE,FALSE,FALSE,FALSE,FALSE,FALSE,FALSE,FALSE,FALSE,FALSE,FALSE,FALSE,FALSE,FALSE,FALSE,FALSE,FALSE,FALSE,FALSE,FALSE,FALSE,FALSE,
Clean Edge,A sharp crescent drawn along a clean canvas,Shop,1,Green,,,Black,Groomed,Wobble,Payoff,Play,"If you have no wobbles, you get +3 skill",2.850,,TRUE,Gre,2.29,0.5,2.79,5.64,0,,TRUE,TRUE,TRUE,FALSE,FALSE,FALSE,FALSE,FALSE,TRUE,FALSE,FALSE,TRUE,FALSE,FALSE,FALSE,FALSE,FALSE,FALSE,FALSE,FALSE,TRUE,TRUE,FALSE,FALSE,FALSE,TRUE,FALSE,FALSE,FALSE,FALSE,FALSE,FALSE,FALSE,FALSE,FALSE,FALSE,FALSE,FALSE,TRUE,FALSE,FALSE,FALSE,FALSE,FALSE,
Butt Pads,So good you'll want to fall down!,Shop,1,Green,Green,,Green,Groomed,"Large Hand Size, Crash",Payoff,Play,"If you crash this turn, do not discard a card.",0.988,,TRUE,GreGre,4.17,0.5,4.67,5.65,0,,TRUE,TRUE,TRUE,FALSE,FALSE,FALSE,FALSE,FALSE,FALSE,TRUE,FALSE,TRUE,TRUE,FALSE,FALSE,FALSE,FALSE,FALSE,FALSE,FALSE,TRUE,TRUE,FALSE,TRUE,FALSE,FALSE,FALSE,FALSE,FALSE,FALSE,FALSE,FALSE,FALSE,FALSE,FALSE,FALSE,FALSE,FALSE,TRUE,FALSE,FALSE,FALSE,FALSE,FALSE,
Crowdpleaser,The whole lift line is watching!,Shop,1,Green,,,Black,,Fun,Payoff,Play,Gain 5 additional fun when you succeed this turn.,3.200,,TRUE,Gre,2.29,0.25,2.54,5.74,0,,TRUE,TRUE,TRUE,FALSE,FALSE,FALSE,FALSE,FALSE,TRUE,FALSE,FALSE,TRUE,FALSE,FALSE,FALSE,FALSE,FALSE,FALSE,FALSE,FALSE,TRUE,FALSE,FALSE,FALSE,FALSE,TRUE,FALSE,FALSE,FALSE,FALSE,FALSE,FALSE,FALSE,FALSE,FALSE,FALSE,FALSE,FALSE,FALSE,FALSE,FALSE,FALSE,FALSE,FALSE,
Roof Rack,"For the very, very well prepared",Shop,1,Blue,,,Blue,Groomed,"Large Hand Size, Purchase",Payoff,Pass,You may purchase an additional card this turn (you must pay both costs),2.050,,TRUE,Blu,3.31,0.5,3.81,5.86,0,,TRUE,TRUE,FALSE,TRUE,FALSE,FALSE,FALSE,FALSE,TRUE,FALSE,FALSE,FALSE,FALSE,FALSE,TRUE,FALSE,FALSE,FALSE,FALSE,FALSE,TRUE,TRUE,FALSE,FALSE,TRUE,FALSE,FALSE,FALSE,FALSE,FALSE,FALSE,FALSE,FALSE,FALSE,FALSE,FALSE,FALSE,FALSE,TRUE,FALSE,FALSE,FALSE,FALSE,FALSE,
Snow Report,The lifties always know the best lines,Shop,1,Blue,,,Powder,Cliffs,"Trash, Discard Pile, Top Deck Manipulation",Setup,Lift,"You may put your deck into your discard pile. If you do, put one card from your discard on top of your deck.",2.050,,TRUE,Blu,3.31,0.5,3.81,5.86,0,,TRUE,TRUE,FALSE,FALSE,FALSE,TRUE,FALSE,FALSE,TRUE,FALSE,FALSE,FALSE,FALSE,FALSE,TRUE,FALSE,FALSE,FALSE,FALSE,FALSE,TRUE,TRUE,FALSE,FALSE,FALSE,FALSE,FALSE,FALSE,TRUE,FALSE,FALSE,FALSE,FALSE,FALSE,FALSE,FALSE,FALSE,FALSE,FALSE,FALSE,FALSE,FALSE,FALSE,TRUE,
Lens Swap,"Yellow lens for flat light, dark tint for the glory days.",Shop,1,Blue,,,Powder,Trees,"Discard Pile, Top Deck Manipulation",Setup,Lift,Discard any number of cards: Draw that many cards.,2.150,,TRUE,Blu,3.31,0.5,3.81,5.96,0,,TRUE,TRUE,FALSE,FALSE,FALSE,TRUE,FALSE,FALSE,TRUE,FALSE,FALSE,FALSE,FALSE,FALSE,TRUE,FALSE,FALSE,FALSE,FALSE,FALSE,TRUE,TRUE,FALSE,FALSE,FALSE,FALSE,FALSE,FALSE,TRUE,FALSE,FALSE,FALSE,FALSE,FALSE,FALSE,FALSE,FALSE,FALSE,FALSE,FALSE,FALSE,FALSE,TRUE,FALSE,
Mountain Run,From peak to parking lot,Shop,1,Blue,,,Black,Groomed,"Purchase, Run Length",Payoff,Pass,Gain +Study equal to your run length this round.,1.800,,TRUE,Blu,3.31,0.5,3.81,5.61,0,,TRUE,TRUE,FALSE,TRUE,FALSE,FALSE,FALSE,FALSE,TRUE,FALSE,FALSE,FALSE,FALSE,FALSE,TRUE,FALSE,FALSE,FALSE,FALSE,FALSE,TRUE,TRUE,FALSE,FALSE,FALSE,TRUE,FALSE,FALSE,FALSE,FALSE,FALSE,FALSE,FALSE,FALSE,FALSE,FALSE,FALSE,FALSE,TRUE,FALSE,FALSE,FALSE,FALSE,FALSE,
Summer Sun Run,"Just skiis, snow, and skin",Shop,1,Green,Green,,Green,Ice,"Low Hand Size, Discard Pile, Fun",Payoff,Play,Discard a card to gain 8 fun.,1.461,,TRUE,GreGre,4.17,0.5,4.67,6.13,0,,TRUE,TRUE,TRUE,FALSE,FALSE,FALSE,FALSE,FALSE,FALSE,TRUE,FALSE,TRUE,TRUE,FALSE,FALSE,FALSE,FALSE,FALSE,FALSE,FALSE,TRUE,TRUE,FALSE,TRUE,FALSE,FALSE,FALSE,FALSE,FALSE,FALSE,FALSE,FALSE,FALSE,FALSE,FALSE,FALSE,FALSE,FALSE,FALSE,FALSE,TRUE,FALSE,FALSE,FALSE,
Second Chance,The mountain always provides a solid shot at redemption.,Shop,1,Blue,Green,,Double Black,Powder,Die Manipulation,Payoff,Play,"You may reroll any dice showing 2, once each.",0.674,,TRUE,BluGre,5.17,0.5,5.67,6.34,0,,TRUE,TRUE,TRUE,FALSE,FALSE,FALSE,FALSE,FALSE,FALSE,TRUE,FALSE,FALSE,TRUE,FALSE,TRUE,FALSE,FALSE,FALSE,FALSE,FALSE,TRUE,TRUE,FALSE,FALSE,FALSE,FALSE,TRUE,FALSE,FALSE,FALSE,FALSE,FALSE,FALSE,FALSE,FALSE,FALSE,FALSE,FALSE,FALSE,TRUE,FALSE,FALSE,FALSE,FALSE,
TImeless Three,A long weekend of incredible adventure,Shop,1,Green,Green,,Wild,,Die Manipulation,Payoff,Play,Gain +3 skill for each die showing 3.,1.200,,TRUE,GreGre,4.17,1,5.17,6.37,0,,TRUE,TRUE,TRUE,FALSE,FALSE,FALSE,FALSE,FALSE,FALSE,TRUE,FALSE,TRUE,TRUE,FALSE,FALSE,FALSE,FALSE,FALSE,FALSE,FALSE,TRUE,FALSE,TRUE,FALSE,FALSE,FALSE,FALSE,FALSE,FALSE,FALSE,FALSE,FALSE,FALSE,FALSE,FALSE,FALSE,FALSE,FALSE,FALSE,FALSE,FALSE,FALSE,FALSE,FALSE,
Lean Into It,Leaning back means the mountain wins,Shop,1,Green,,,Powder,,"Large Hand Size, Wobble",Payoff,Play,You may gain 1 wobble to draw a card.,3.930,,TRUE,Gre,2.29,0.25,2.54,6.47,0,,TRUE,TRUE,TRUE,FALSE,FALSE,FALSE,FALSE,FALSE,TRUE,FALSE,FALSE,TRUE,FALSE,FALSE,FALSE,FALSE,FALSE,FALSE,FALSE,FALSE,TRUE,FALSE,FALSE,FALSE,FALSE,FALSE,FALSE,FALSE,TRUE,FALSE,FALSE,FALSE,FALSE,FALSE,FALSE,FALSE,FALSE,FALSE,FALSE,FALSE,FALSE,FALSE,FALSE,FALSE,
Stacking the Deck,Ride a setup that feels technically illegal.,Shop,1,Green,,,Moguls,,"Discard Pile, Top Deck Manipulation",Setup,Play,Put up to 2 cards from your discard pile on top of your deck.,4.101,,TRUE,Gre,2.29,0.25,2.54,6.64,0,,TRUE,TRUE,TRUE,FALSE,FALSE,FALSE,FALSE,FALSE,TRUE,FALSE,FALSE,TRUE,FALSE,FALSE,FALSE,FALSE,FALSE,FALSE,FALSE,FALSE,TRUE,FALSE,FALSE,FALSE,FALSE,FALSE,FALSE,FALSE,FALSE,FALSE,TRUE,FALSE,FALSE,FALSE,FALSE,FALSE,FALSE,FALSE,FALSE,FALSE,FALSE,FALSE,FALSE,FALSE,
Complementary Tuning,Nothing sharper than never-used edges,Shop,1,Black,,,Black,Moguls,"Fun, Purchase",Payoff,Pass,Gain fun equal to the value of the cards you buy,0.037,,TRUE,Bla,4.31,0.5,4.81,4.85,0,,TRUE,TRUE,FALSE,TRUE,FALSE,FALSE,FALSE,FALSE,TRUE,FALSE,FALSE,FALSE,FALSE,FALSE,FALSE,FALSE,FALSE,TRUE,FALSE,FALSE,TRUE,TRUE,FALSE,FALSE,FALSE,TRUE,FALSE,FALSE,FALSE,FALSE,FALSE,FALSE,FALSE,FALSE,FALSE,FALSE,FALSE,FALSE,FALSE,FALSE,FALSE,TRUE,FALSE,FALSE,
Conditioning,"Slow and steady, sun-up to sun-down",Shop,1,Black,,,Ice,Moguls,Top Deck Manipulation,Setup,Pass,"After buying cards, put any number of cards from your hand on top of your deck",1.989,,TRUE,Bla,4.31,0.5,4.81,6.80,0,,TRUE,TRUE,FALSE,TRUE,FALSE,FALSE,FALSE,FALSE,TRUE,FALSE,FALSE,FALSE,FALSE,FALSE,FALSE,FALSE,FALSE,TRUE,FALSE,FALSE,TRUE,TRUE,FALSE,FALSE,FALSE,FALSE,FALSE,FALSE,FALSE,TRUE,FALSE,FALSE,FALSE,FALSE,FALSE,FALSE,FALSE,FALSE,FALSE,FALSE,FALSE,TRUE,FALSE,FALSE,
Peripheral Vision,Keep the eyes wide. The mountain moves fast.,Shop,1,Blue,Green,,Black,Ice,"Top Deck Manipulation, Discard Pile",Setup,Play,Look at the top 2 cards of your deck. Put 1 on top and discard the other.,0.994,,TRUE,BluGre,5.17,0.5,5.67,6.66,0,,TRUE,TRUE,TRUE,FALSE,FALSE,FALSE,FALSE,FALSE,FALSE,TRUE,FALSE,FALSE,TRUE,FALSE,TRUE,FALSE,FALSE,FALSE,FALSE,FALSE,TRUE,TRUE,FALSE,FALSE,FALSE,TRUE,FALSE,FALSE,FALSE,FALSE,FALSE,FALSE,FALSE,FALSE,FALSE,FALSE,FALSE,FALSE,FALSE,FALSE,TRUE,FALSE,FALSE,FALSE,
Spring Cleaning,"Keep the best, lose the rest",Shop,1,Black,,,Moguls,Trees,"Large Hand Size, Trash",Payoff,Pass,"After buying cards, you may trash a card from your hand.",2.050,,TRUE,Bla,4.31,0.5,4.81,6.86,0,,TRUE,TRUE,FALSE,TRUE,FALSE,FALSE,FALSE,FALSE,TRUE,FALSE,FALSE,FALSE,FALSE,FALSE,FALSE,FALSE,FALSE,TRUE,FALSE,FALSE,TRUE,TRUE,FALSE,FALSE,FALSE,FALSE,FALSE,FALSE,FALSE,FALSE,TRUE,FALSE,FALSE,FALSE,FALSE,FALSE,FALSE,FALSE,FALSE,FALSE,FALSE,FALSE,TRUE,FALSE,
Lone Wolf,"Amidst a cloud of snow, you're still on your feet",Shop,1,Black,,,Ice,Cliffs,"Purchase, Low Hand Size",Payoff,Pass,"If this is the only card you reveal, +4 study",1.800,,TRUE,Bla,4.31,0.5,4.81,6.61,0,,TRUE,TRUE,FALSE,TRUE,FALSE,FALSE,FALSE,FALSE,TRUE,FALSE,FALSE,FALSE,FALSE,FALSE,FALSE,FALSE,FALSE,TRUE,FALSE,FALSE,TRUE,TRUE,FALSE,FALSE,FALSE,FALSE,FALSE,FALSE,FALSE,TRUE,FALSE,FALSE,FALSE,FALSE,FALSE,FALSE,FALSE,FALSE,FALSE,FALSE,FALSE,FALSE,FALSE,TRUE,
Spot the Danger,Can't fool me twice,Shop,1,Blue,Green,,,,"Die Manipulation, Wobble",Payoff,Play,"If you have 1 or more wobbles, you may reroll one die showing 1.",1.146,,TRUE,BluGre,5.17,0,5.17,6.31,0,,TRUE,TRUE,TRUE,FALSE,FALSE,FALSE,FALSE,FALSE,FALSE,TRUE,FALSE,FALSE,TRUE,FALSE,TRUE,FALSE,FALSE,FALSE,FALSE,FALSE,FALSE,FALSE,FALSE,FALSE,FALSE,FALSE,FALSE,FALSE,FALSE,FALSE,FALSE,FALSE,FALSE,FALSE,FALSE,FALSE,FALSE,FALSE,FALSE,FALSE,FALSE,FALSE,FALSE,FALSE,
Wild Ride,Barely under control is still under control,Shop,1,Green,Green,,,,Wobble,Payoff,Play,Gain +2 skill for each wobble you have,2.000,,TRUE,GreGre,4.17,0,4.17,6.17,0,,TRUE,TRUE,TRUE,FALSE,FALSE,FALSE,FALSE,FALSE,FALSE,TRUE,FALSE,TRUE,TRUE,FALSE,FALSE,FALSE,FALSE,FALSE,FALSE,FALSE,FALSE,FALSE,FALSE,FALSE,FALSE,FALSE,FALSE,FALSE,FALSE,FALSE,FALSE,FALSE,FALSE,FALSE,FALSE,FALSE,FALSE,FALSE,FALSE,FALSE,FALSE,FALSE,FALSE,FALSE,
Shop Connections,Need new gear? You know a guy,Shop,1,Blue,,,Blue,Moguls,Purchase,Payoff,Pass,"Clear up to one card from the shop, then replenish the shop",2.550,,TRUE,Blu,3.31,0.5,3.81,6.36,0,,TRUE,TRUE,FALSE,TRUE,FALSE,FALSE,FALSE,FALSE,TRUE,FALSE,FALSE,FALSE,FALSE,FALSE,TRUE,FALSE,FALSE,FALSE,FALSE,FALSE,TRUE,TRUE,FALSE,FALSE,TRUE,FALSE,FALSE,FALSE,FALSE,FALSE,FALSE,FALSE,FALSE,FALSE,FALSE,FALSE,FALSE,FALSE,FALSE,FALSE,FALSE,TRUE,FALSE,FALSE,
Deep Breath,One last pause before the plunge,Shop,1,Green,,,Wild,,Top Deck Manipulation,Setup,Play,"Draw 2 cards, then put 2 cards on top of your deck.",3.306,,TRUE,Gre,2.29,1,3.29,6.60,0,,TRUE,TRUE,TRUE,FALSE,FALSE,FALSE,FALSE,FALSE,TRUE,FALSE,FALSE,TRUE,FALSE,FALSE,FALSE,FALSE,FALSE,FALSE,FALSE,FALSE,TRUE,FALSE,TRUE,FALSE,FALSE,FALSE,FALSE,FALSE,FALSE,FALSE,FALSE,FALSE,FALSE,FALSE,FALSE,FALSE,FALSE,FALSE,FALSE,FALSE,FALSE,FALSE,FALSE,FALSE,
Edge Control,Hold the angle and trust your gear!,Shop,1,Blue,,,Ice,,"Wobble, Die Manipulation",Setup,Next,"After rolling, change one 1 to a 2.",2.667,,TRUE,Blu,3.31,0.25,3.56,6.22,0,,TRUE,TRUE,FALSE,FALSE,TRUE,FALSE,FALSE,FALSE,TRUE,FALSE,FALSE,FALSE,FALSE,FALSE,TRUE,FALSE,FALSE,FALSE,FALSE,FALSE,TRUE,FALSE,FALSE,FALSE,FALSE,FALSE,FALSE,FALSE,FALSE,TRUE,FALSE,FALSE,FALSE,FALSE,FALSE,FALSE,FALSE,FALSE,FALSE,FALSE,FALSE,FALSE,FALSE,FALSE,
Tunnel Vision,"Amidst the chaos, you see the line",Shop,1,Blue,,,Trees,,Die Manipulation,Setup,Next,"Before rolling, set one die to 6",2.697,,TRUE,Blu,3.31,0.25,3.56,6.25,0,,TRUE,TRUE,FALSE,FALSE,TRUE,FALSE,FALSE,FALSE,TRUE,FALSE,FALSE,FALSE,FALSE,FALSE,TRUE,FALSE,FALSE,FALSE,FALSE,FALSE,TRUE,FALSE,FALSE,FALSE,FALSE,FALSE,FALSE,FALSE,FALSE,FALSE,FALSE,TRUE,FALSE,FALSE,FALSE,FALSE,FALSE,FALSE,FALSE,FALSE,FALSE,FALSE,FALSE,FALSE,
True Two,Just you and the mountain,Shop,1,Green,Green,,Wild,,Die Manipulation,Payoff,Play,Gain +4 skill for each die showing 2.,1.600,,TRUE,GreGre,4.17,1,5.17,6.77,0,,TRUE,TRUE,TRUE,FALSE,FALSE,FALSE,FALSE,FALSE,FALSE,TRUE,FALSE,TRUE,TRUE,FALSE,FALSE,FALSE,FALSE,FALSE,FALSE,FALSE,TRUE,FALSE,TRUE,FALSE,FALSE,FALSE,FALSE,FALSE,FALSE,FALSE,FALSE,FALSE,FALSE,FALSE,FALSE,FALSE,FALSE,FALSE,FALSE,FALSE,FALSE,FALSE,FALSE,FALSE,
Straight Line,"The faster you go, the easier it is! Right?",Shop,1,Blue,Blue,,Black,,"Max Die Values, Wobble",Payoff,Play,You may gain 1 wobble to set one die instead of rolling.,0.197,,TRUE,BluBlu,6.22,0.25,6.47,6.67,0,,TRUE,TRUE,TRUE,FALSE,FALSE,FALSE,FALSE,FALSE,FALSE,TRUE,FALSE,FALSE,FALSE,FALSE,TRUE,TRUE,FALSE,FALSE,FALSE,FALSE,TRUE,FALSE,FALSE,FALSE,FALSE,TRUE,FALSE,FALSE,FALSE,FALSE,FALSE,FALSE,FALSE,FALSE,FALSE,FALSE,FALSE,FALSE,FALSE,FALSE,FALSE,FALSE,FALSE,FALSE,
Fifth Finger,"Wooden hands grasp, but you're just out of reach",Shop,1,Blue,Blue,,Trees,,Die Manipulation,Payoff,Play,"You may reroll any dice showing 5, once each.",0.449,,TRUE,BluBlu,6.22,0.25,6.47,6.92,0,,TRUE,TRUE,TRUE,FALSE,FALSE,FALSE,FALSE,FALSE,FALSE,TRUE,FALSE,FALSE,FALSE,FALSE,TRUE,TRUE,FALSE,FALSE,FALSE,FALSE,TRUE,FALSE,FALSE,FALSE,FALSE,FALSE,FALSE,FALSE,FALSE,FALSE,FALSE,TRUE,FALSE,FALSE,FALSE,FALSE,FALSE,FALSE,FALSE,FALSE,FALSE,FALSE,FALSE,FALSE,
Steady Rhythm,Smooth and clean,Shop,1,Blue,,,Blue,,"Dice changes, Wobble",Setup,Next,"If you have 1 or fewer wobbles, gain 1 blue die.",3.273,,TRUE,Blu,3.31,0.25,3.56,6.83,0,,TRUE,TRUE,FALSE,FALSE,TRUE,FALSE,FALSE,FALSE,TRUE,FALSE,FALSE,FALSE,FALSE,FALSE,TRUE,FALSE,FALSE,FALSE,FALSE,FALSE,TRUE,FALSE,FALSE,FALSE,TRUE,FALSE,FALSE,FALSE,FALSE,FALSE,FALSE,FALSE,FALSE,FALSE,FALSE,FALSE,FALSE,FALSE,FALSE,FALSE,FALSE,FALSE,FALSE,FALSE,
Glove Warmers,"Warm hands, warm heart",Shop,1,Green,,,Green,Blue,Fun,Payoff,Lift,Gain 10 fun.,4.000,,TRUE,Gre,2.29,0.5,2.79,6.79,0,,TRUE,TRUE,FALSE,FALSE,FALSE,TRUE,FALSE,FALSE,TRUE,FALSE,FALSE,TRUE,FALSE,FALSE,FALSE,FALSE,FALSE,FALSE,FALSE,FALSE,TRUE,TRUE,FALSE,TRUE,FALSE,FALSE,FALSE,FALSE,FALSE,FALSE,FALSE,FALSE,FALSE,FALSE,FALSE,TRUE,FALSE,FALSE,FALSE,FALSE,FALSE,FALSE,FALSE,FALSE,
Third Strike,You're not out yet,Shop,1,Blue,Blue,,Powder,,Die Manipulation,Payoff,Play,"You may reroll any dice showing 3, once each.",0.539,,TRUE,BluBlu,6.22,0.25,6.47,7.01,0,,TRUE,TRUE,TRUE,FALSE,FALSE,FALSE,FALSE,FALSE,FALSE,TRUE,FALSE,FALSE,FALSE,FALSE,TRUE,TRUE,FALSE,FALSE,FALSE,FALSE,TRUE,FALSE,FALSE,FALSE,FALSE,FALSE,FALSE,FALSE,TRUE,FALSE,FALSE,FALSE,FALSE,FALSE,FALSE,FALSE,FALSE,FALSE,FALSE,FALSE,FALSE,FALSE,FALSE,FALSE,
Feelin Five,"Hands grip poles, feet stomp boards",Shop,1,Blue,Blue,,Green,,Die Manipulation,Payoff,Play,Gain +2 skill for each die showing 5.,0.571,,TRUE,BluBlu,6.22,0.25,6.47,7.04,0,,TRUE,TRUE,TRUE,FALSE,FALSE,FALSE,FALSE,FALSE,FALSE,TRUE,FALSE,FALSE,FALSE,FALSE,TRUE,TRUE,FALSE,FALSE,FALSE,FALSE,TRUE,FALSE,FALSE,TRUE,FALSE,FALSE,FALSE,FALSE,FALSE,FALSE,FALSE,FALSE,FALSE,FALSE,FALSE,FALSE,FALSE,FALSE,FALSE,FALSE,FALSE,FALSE,FALSE,FALSE,
Super Six,We were up at dawn for this,Shop,1,Blue,Blue,,Blue,,Die Manipulation,Payoff,Play,Gain +2 skill for each die showing 6.,0.571,,TRUE,BluBlu,6.22,0.25,6.47,7.04,0,,TRUE,TRUE,TRUE,FALSE,FALSE,FALSE,FALSE,FALSE,FALSE,TRUE,FALSE,FALSE,FALSE,FALSE,TRUE,TRUE,FALSE,FALSE,FALSE,FALSE,TRUE,FALSE,FALSE,FALSE,TRUE,FALSE,FALSE,FALSE,FALSE,FALSE,FALSE,FALSE,FALSE,FALSE,FALSE,FALSE,FALSE,FALSE,FALSE,FALSE,FALSE,FALSE,FALSE,FALSE,
Only One,It's now or never,Shop,1,Green,Green,,Wild,,"Die Manipulation, Wobble",Payoff,Play,Gain +5 skill for each die showing 1. (You still gain wobbles),2.000,,TRUE,GreGre,4.17,1,5.17,7.17,0,,TRUE,TRUE,TRUE,FALSE,FALSE,FALSE,FALSE,FALSE,FALSE,TRUE,FALSE,TRUE,TRUE,FALSE,FALSE,FALSE,FALSE,FALSE,FALSE,FALSE,TRUE,FALSE,TRUE,FALSE,FALSE,FALSE,FALSE,FALSE,FALSE,FALSE,FALSE,FALSE,FALSE,FALSE,FALSE,FALSE,FALSE,FALSE,FALSE,FALSE,FALSE,FALSE,FALSE,FALSE,
Hail Mary,Just crazy enough to work,Shop,1,Black,,,Cliffs,,"Dice changes, Low Hand Size",Setup,Next,"If your hand is empty, upgrde all dice twice, then gain a green die.",2.458,,TRUE,Bla,4.31,0.25,4.56,7.02,0,,TRUE,TRUE,FALSE,FALSE,TRUE,FALSE,FALSE,FALSE,TRUE,FALSE,FALSE,FALSE,FALSE,FALSE,FALSE,FALSE,FALSE,TRUE,FALSE,FALSE,TRUE,FALSE,FALSE,FALSE,FALSE,FALSE,FALSE,FALSE,FALSE,FALSE,FALSE,FALSE,TRUE,FALSE,FALSE,FALSE,FALSE,FALSE,FALSE,FALSE,FALSE,FALSE,FALSE,FALSE,
Full Quiver,New snow? New ski.,Shop,1,Blue,,,Wild,,Large Hand Size,Payoff,Play,Gain +1 skill for each card in your hand,3.000,,TRUE,Blu,3.31,1,4.31,7.31,0,,TRUE,TRUE,TRUE,FALSE,FALSE,FALSE,FALSE,FALSE,TRUE,FALSE,FALSE,FALSE,FALSE,FALSE,TRUE,FALSE,FALSE,FALSE,FALSE,FALSE,TRUE,FALSE,TRUE,FALSE,FALSE,FALSE,FALSE,FALSE,FALSE,FALSE,FALSE,FALSE,FALSE,FALSE,FALSE,FALSE,FALSE,FALSE,FALSE,FALSE,FALSE,FALSE,FALSE,FALSE,
Dual Calibration,A final failsafe before a sudden fall,Shop,1,Green,,,Trees,Ice,"Top Deck Manipulation, Discard Pile",Payoff,Play,"Discard the top two cards of your deck. If they have at least one matching symbol, put one into your hand.",4.501,,TRUE,Gre,2.29,0.5,2.79,7.29,0,,TRUE,TRUE,TRUE,FALSE,FALSE,FALSE,FALSE,FALSE,TRUE,FALSE,FALSE,TRUE,FALSE,FALSE,FALSE,FALSE,FALSE,FALSE,FALSE,FALSE,TRUE,TRUE,FALSE,FALSE,FALSE,FALSE,FALSE,FALSE,FALSE,FALSE,FALSE,TRUE,FALSE,FALSE,FALSE,FALSE,FALSE,FALSE,FALSE,FALSE,TRUE,FALSE,FALSE,FALSE,
Stomp the Landing,Cleanest landing of the entire weekend. No hands down!,Shop,1,Green,Green,Green,Powder,,"Fun, Max Die Values",Payoff,Play,Gain 3 fun for each maximum die value rolled.,1.440,,TRUE,GreGreGre,5.63,0.25,5.88,7.32,0,,TRUE,TRUE,TRUE,FALSE,FALSE,FALSE,FALSE,FALSE,FALSE,FALSE,TRUE,TRUE,TRUE,TRUE,FALSE,FALSE,FALSE,FALSE,FALSE,FALSE,TRUE,FALSE,FALSE,FALSE,FALSE,FALSE,FALSE,FALSE,TRUE,FALSE,FALSE,FALSE,FALSE,FALSE,FALSE,FALSE,FALSE,FALSE,FALSE,FALSE,FALSE,FALSE,FALSE,FALSE,
Pocket Snack,Food tastes better at ten thousand feet.,Shop,1,Green,,,Powder,Moguls,Purchase,Setup,Next,"When you pass, return the next card played to your hand.",5.144,,TRUE,Gre,2.29,0.5,2.79,7.94,0,,TRUE,TRUE,FALSE,FALSE,TRUE,FALSE,FALSE,FALSE,TRUE,FALSE,FALSE,TRUE,FALSE,FALSE,FALSE,FALSE,FALSE,FALSE,FALSE,FALSE,TRUE,TRUE,FALSE,FALSE,FALSE,FALSE,FALSE,FALSE,TRUE,FALSE,FALSE,FALSE,FALSE,FALSE,FALSE,FALSE,FALSE,FALSE,FALSE,FALSE,FALSE,TRUE,FALSE,FALSE,
Seat-of-the-pants,"Weight shifted back, arms flailing, still upright!",Shop,1,Green,Green,,Blue,Ice,"Fun, Wobble",Payoff,Play,"If you have exactly 2 wobbles, gain 8 fun.",3.200,,TRUE,GreGre,4.17,0.5,4.67,7.87,0,,TRUE,TRUE,TRUE,FALSE,FALSE,FALSE,FALSE,FALSE,FALSE,TRUE,FALSE,TRUE,TRUE,FALSE,FALSE,FALSE,FALSE,FALSE,FALSE,FALSE,TRUE,TRUE,FALSE,FALSE,TRUE,FALSE,FALSE,FALSE,FALSE,FALSE,FALSE,FALSE,FALSE,FALSE,FALSE,FALSE,FALSE,FALSE,FALSE,FALSE,TRUE,FALSE,FALSE,FALSE,
Split Second,A final decision changes the entire line down.,Shop,1,Blue,,,Cliffs,,"Top Deck Manipulation, Discard Pile",Setup,Play,"You may switch your deck and discard. If you do, shuffle your deck.",4.101,,TRUE,Blu,3.31,0.25,3.56,7.66,0,,TRUE,TRUE,TRUE,FALSE,FALSE,FALSE,FALSE,FALSE,TRUE,FALSE,FALSE,FALSE,FALSE,FALSE,TRUE,FALSE,FALSE,FALSE,FALSE,FALSE,TRUE,FALSE,FALSE,FALSE,FALSE,FALSE,FALSE,FALSE,FALSE,FALSE,FALSE,FALSE,TRUE,FALSE,FALSE,FALSE,FALSE,FALSE,FALSE,FALSE,FALSE,FALSE,FALSE,FALSE,
Ski Delivery,"Fresh gear, straight to your doorstep",Shop,1,Blue,,,Black,Powder,"Purchase, Large Hand Size",Setup,Pass,"When you gain a card this turn that matches your current tile, set it aside and put it into your hand at the start of the next round.",4.115,,TRUE,Blu,3.31,0.5,3.81,7.92,0,,TRUE,TRUE,FALSE,TRUE,FALSE,FALSE,FALSE,FALSE,TRUE,FALSE,FALSE,FALSE,FALSE,FALSE,TRUE,FALSE,FALSE,FALSE,FALSE,FALSE,TRUE,TRUE,FALSE,FALSE,FALSE,TRUE,FALSE,FALSE,FALSE,FALSE,FALSE,FALSE,FALSE,FALSE,FALSE,FALSE,FALSE,FALSE,FALSE,TRUE,FALSE,FALSE,FALSE,FALSE,
Deep Carve,Low enough to kiss the slope,Shop,1,Black,,,Groomed,,"Wobble, Fun",Payoff,Play,You may gain 1 wobble to gain 7 fun,3.100,,TRUE,Bla,4.31,0.25,4.56,7.66,0,,TRUE,TRUE,TRUE,FALSE,FALSE,FALSE,FALSE,FALSE,TRUE,FALSE,FALSE,FALSE,FALSE,FALSE,FALSE,FALSE,FALSE,TRUE,FALSE,FALSE,TRUE,FALSE,FALSE,FALSE,FALSE,FALSE,FALSE,TRUE,FALSE,FALSE,FALSE,FALSE,FALSE,FALSE,FALSE,FALSE,FALSE,FALSE,FALSE,FALSE,FALSE,FALSE,FALSE,FALSE,
Memory Lane,The classics never go out of style.,Shop,1,Green,,,Groomed,,Discard Pile,Payoff,Play,Draw a card from your discard pile that matches your current tile.,5.144,,TRUE,Gre,2.29,0.25,2.54,7.69,0,,TRUE,TRUE,TRUE,FALSE,FALSE,FALSE,FALSE,FALSE,TRUE,FALSE,FALSE,TRUE,FALSE,FALSE,FALSE,FALSE,FALSE,FALSE,FALSE,FALSE,TRUE,FALSE,FALSE,FALSE,FALSE,FALSE,FALSE,TRUE,FALSE,FALSE,FALSE,FALSE,FALSE,FALSE,FALSE,FALSE,FALSE,FALSE,FALSE,FALSE,FALSE,FALSE,FALSE,FALSE,
Flawless Line,A line so clean it belongs in a museum,Shop,1,Blue,Green,Green,Black,Trees,"Die Manipulation, Dice changes",Payoff,Play,"If all of your dice show different values, gain +2 skill for each die rolled",1.000,,TRUE,BluGreGre,6.61,0.5,7.11,8.11,0,,TRUE,TRUE,TRUE,FALSE,FALSE,FALSE,FALSE,FALSE,FALSE,FALSE,TRUE,FALSE,TRUE,TRUE,TRUE,FALSE,FALSE,FALSE,FALSE,FALSE,TRUE,TRUE,FALSE,FALSE,FALSE,TRUE,FALSE,FALSE,FALSE,FALSE,FALSE,FALSE,FALSE,FALSE,FALSE,FALSE,FALSE,FALSE,FALSE,FALSE,FALSE,FALSE,TRUE,FALSE,
Instant Reflex,Empty minds come up with more ideas,Shop,1,Green,,,Trees,,"Large Hand Size, Low Hand Size",Payoff,Play,"If you have 2 or fewer cards in your hand, draw a card.",5.787,,TRUE,Gre,2.29,0.25,2.54,8.33,0,,TRUE,TRUE,TRUE,FALSE,FALSE,FALSE,FALSE,FALSE,TRUE,FALSE,FALSE,TRUE,FALSE,FALSE,FALSE,FALSE,FALSE,FALSE,FALSE,FALSE,TRUE,FALSE,FALSE,FALSE,FALSE,FALSE,FALSE,FALSE,FALSE,FALSE,FALSE,TRUE,FALSE,FALSE,FALSE,FALSE,FALSE,FALSE,FALSE,FALSE,FALSE,FALSE,FALSE,FALSE,
Into the Abyss,A pure leap of faith into a massive cloud of white.,Shop,1,Blue,,,Powder,,"Top Deck Manipulation, Discard Pile",Payoff,Play,"Discard the top card of your deck. If it has a symbol matching your current tile, play it.",5.144,,TRUE,Blu,3.31,0.25,3.56,8.70,0,,TRUE,TRUE,TRUE,FALSE,FALSE,FALSE,FALSE,FALSE,TRUE,FALSE,FALSE,FALSE,FALSE,FALSE,TRUE,FALSE,FALSE,FALSE,FALSE,FALSE,TRUE,FALSE,FALSE,FALSE,FALSE,FALSE,FALSE,FALSE,TRUE,FALSE,FALSE,FALSE,FALSE,FALSE,FALSE,FALSE,FALSE,FALSE,FALSE,FALSE,FALSE,FALSE,FALSE,FALSE,
Fluid Motion,One long endless run,Shop,1,Blue,Green,,Double Black,,Large Hand Size,Payoff,Play,"If you have played 3 or more cards this turn, draw a card.",3.215,,TRUE,BluGre,5.17,0.25,5.42,8.63,0,,TRUE,TRUE,TRUE,FALSE,FALSE,FALSE,FALSE,FALSE,FALSE,TRUE,FALSE,FALSE,TRUE,FALSE,TRUE,FALSE,FALSE,FALSE,FALSE,FALSE,TRUE,FALSE,FALSE,FALSE,FALSE,FALSE,TRUE,FALSE,FALSE,FALSE,FALSE,FALSE,FALSE,FALSE,FALSE,FALSE,FALSE,FALSE,FALSE,FALSE,FALSE,FALSE,FALSE,FALSE,
Huck and Pray,"You'll get down the mountain, one way or another.",Shop,1,Blue,Blue,Green,,,,,,,,,TRUE,BluBluGre,7.65,0,7.65,7.65,0,,TRUE,FALSE,FALSE,FALSE,FALSE,FALSE,FALSE,FALSE,FALSE,FALSE,TRUE,FALSE,FALSE,TRUE,TRUE,TRUE,FALSE,FALSE,FALSE,FALSE,FALSE,FALSE,FALSE,FALSE,FALSE,FALSE,FALSE,FALSE,FALSE,FALSE,FALSE,FALSE,FALSE,FALSE,FALSE,FALSE,FALSE,FALSE,FALSE,FALSE,FALSE,FALSE,FALSE,FALSE,
Windstorm,"The snow's flying, and so are you",Shop,1,Black,Green,,Blue,,Discard Pile,Payoff,Play,You may discard your hand and draw that many cards.,2.486,,TRUE,BlaGre,6.13,0.25,6.38,8.86,0,,TRUE,TRUE,TRUE,FALSE,FALSE,FALSE,FALSE,FALSE,FALSE,TRUE,FALSE,FALSE,TRUE,FALSE,FALSE,FALSE,FALSE,TRUE,FALSE,FALSE,TRUE,FALSE,FALSE,FALSE,TRUE,FALSE,FALSE,FALSE,FALSE,FALSE,FALSE,FALSE,FALSE,FALSE,FALSE,FALSE,FALSE,FALSE,FALSE,FALSE,FALSE,FALSE,FALSE,FALSE,
Nostalgia Run,You've run it so many times your name should be on it,Shop,1,Black,,,Blue,,"Fun, Discard Pile",Payoff,Play,Gain 1 fun for each card in your discard,4.800,,TRUE,Bla,4.31,0.25,4.56,9.36,0,,TRUE,TRUE,TRUE,FALSE,FALSE,FALSE,FALSE,FALSE,TRUE,FALSE,FALSE,FALSE,FALSE,FALSE,FALSE,FALSE,FALSE,TRUE,FALSE,FALSE,TRUE,FALSE,FALSE,FALSE,TRUE,FALSE,FALSE,FALSE,FALSE,FALSE,FALSE,FALSE,FALSE,FALSE,FALSE,FALSE,FALSE,FALSE,FALSE,FALSE,FALSE,FALSE,FALSE,FALSE,
Brief Respite,A pause to consider just exactly how that all happened,Shop,1,Blue,,,Blue,Trees,Top Deck Manipulation,Payoff,Pass,Draw a card.,5.144,,TRUE,Blu,3.31,0.5,3.81,8.95,0,,TRUE,TRUE,FALSE,TRUE,FALSE,FALSE,FALSE,FALSE,TRUE,FALSE,FALSE,FALSE,FALSE,FALSE,TRUE,FALSE,FALSE,FALSE,FALSE,FALSE,TRUE,TRUE,FALSE,FALSE,TRUE,FALSE,FALSE,FALSE,FALSE,FALSE,FALSE,FALSE,FALSE,FALSE,FALSE,FALSE,FALSE,FALSE,FALSE,FALSE,FALSE,FALSE,TRUE,FALSE,
Quick Pivot,"If it's not working, try something new!",Shop,1,Blue,,,Wild,,"Large Hand Size, Discard Pile",Payoff,Play,"Discard a card, then draw a card. If you discarded one with cost greater than 0, draw 2 cards instead.",4.707,,TRUE,Blu,3.31,1,4.31,9.01,0,,TRUE,TRUE,TRUE,FALSE,FALSE,FALSE,FALSE,FALSE,TRUE,FALSE,FALSE,FALSE,FALSE,FALSE,TRUE,FALSE,FALSE,FALSE,FALSE,FALSE,TRUE,FALSE,TRUE,FALSE,FALSE,FALSE,FALSE,FALSE,FALSE,FALSE,FALSE,FALSE,FALSE,FALSE,FALSE,FALSE,FALSE,FALSE,FALSE,FALSE,FALSE,FALSE,FALSE,FALSE,
Zero-G,Weightless across the crest as the world holds its breath,Shop,1,Blue,Blue,,Black,,Low Hand Size,Payoff,Play,"If your hand is empty, gain +5 skill.",2.500,,TRUE,BluBlu,6.22,0.25,6.47,8.97,0,,TRUE,TRUE,TRUE,FALSE,FALSE,FALSE,FALSE,FALSE,FALSE,TRUE,FALSE,FALSE,FALSE,FALSE,TRUE,TRUE,FALSE,FALSE,FALSE,FALSE,TRUE,FALSE,FALSE,FALSE,FALSE,TRUE,FALSE,FALSE,FALSE,FALSE,FALSE,FALSE,FALSE,FALSE,FALSE,FALSE,FALSE,FALSE,FALSE,FALSE,FALSE,FALSE,FALSE,FALSE,
Punch Through,"You're down, but you're not out",Shop,1,Blue,,,Moguls,,"Large Hand Size, Wobble",Payoff,Play,Draw a card for each wobble you have,6.430,,TRUE,Blu,3.31,0.25,3.56,9.99,0,,TRUE,TRUE,TRUE,FALSE,FALSE,FALSE,FALSE,FALSE,TRUE,FALSE,FALSE,FALSE,FALSE,FALSE,TRUE,FALSE,FALSE,FALSE,FALSE,FALSE,TRUE,FALSE,FALSE,FALSE,FALSE,FALSE,FALSE,FALSE,FALSE,FALSE,TRUE,FALSE,FALSE,FALSE,FALSE,FALSE,FALSE,FALSE,FALSE,FALSE,FALSE,FALSE,FALSE,FALSE,
Oh So Seven,Counting down to the weekend,Shop,1,Black,Black,,Black,,Die Manipulation,Payoff,Play,Gain +2 skill for each die showing 7.,0.500,,TRUE,BlaBla,8.25,0.25,8.50,9.00,0,,TRUE,TRUE,TRUE,FALSE,FALSE,FALSE,FALSE,FALSE,FALSE,TRUE,FALSE,FALSE,FALSE,FALSE,FALSE,FALSE,FALSE,TRUE,TRUE,FALSE,TRUE,FALSE,FALSE,FALSE,FALSE,TRUE,FALSE,FALSE,FALSE,FALSE,FALSE,FALSE,FALSE,FALSE,FALSE,FALSE,FALSE,FALSE,FALSE,FALSE,FALSE,FALSE,FALSE,FALSE,
Extreme Eight,Green light - let's go!,Shop,1,Black,Black,,Double Black,,Die Manipulation,Payoff,Play,Gain +2 skill for each die showing 8.,0.500,,TRUE,BlaBla,8.25,0.25,8.50,9.00,0,,TRUE,TRUE,TRUE,FALSE,FALSE,FALSE,FALSE,FALSE,FALSE,TRUE,FALSE,FALSE,FALSE,FALSE,FALSE,FALSE,FALSE,TRUE,TRUE,FALSE,TRUE,FALSE,FALSE,FALSE,FALSE,FALSE,TRUE,FALSE,FALSE,FALSE,FALSE,FALSE,FALSE,FALSE,FALSE,FALSE,FALSE,FALSE,FALSE,FALSE,FALSE,FALSE,FALSE,FALSE,
In the Zone,"Maximum effort, zero thought",Shop,1,Blue,Green,Green,Powder,,"Large Hand Size, Max Die Values",Payoff,Play,Draw a card for each maximum die roll,2.572,,TRUE,BluGreGre,6.61,0.25,6.86,9.43,0,,TRUE,TRUE,TRUE,FALSE,FALSE,FALSE,FALSE,FALSE,FALSE,FALSE,TRUE,FALSE,TRUE,TRUE,TRUE,FALSE,FALSE,FALSE,FALSE,FALSE,TRUE,FALSE,FALSE,FALSE,FALSE,FALSE,FALSE,FALSE,TRUE,FALSE,FALSE,FALSE,FALSE,FALSE,FALSE,FALSE,FALSE,FALSE,FALSE,FALSE,FALSE,FALSE,FALSE,FALSE,
Rail-to-Rail,"Daring in, expertise out",Shop,1,Blue,Blue,Blue,,,,,,,,,TRUE,BluBluBlu,8.75,0,8.75,8.75,0,,TRUE,FALSE,FALSE,FALSE,FALSE,FALSE,FALSE,FALSE,FALSE,FALSE,TRUE,FALSE,FALSE,FALSE,TRUE,TRUE,TRUE,FALSE,FALSE,FALSE,FALSE,FALSE,FALSE,FALSE,FALSE,FALSE,FALSE,FALSE,FALSE,FALSE,FALSE,FALSE,FALSE,FALSE,FALSE,FALSE,FALSE,FALSE,FALSE,FALSE,FALSE,FALSE,FALSE,FALSE,
Absolute Send,No time left for second-guessing.,Shop,1,Black,Black,Blue,,,,,,,,,TRUE,BlaBlaBlu,10.76,0,10.76,10.76,0,,TRUE,FALSE,FALSE,FALSE,FALSE,FALSE,FALSE,FALSE,FALSE,FALSE,TRUE,FALSE,FALSE,FALSE,FALSE,FALSE,TRUE,TRUE,TRUE,FALSE,FALSE,FALSE,FALSE,FALSE,FALSE,FALSE,FALSE,FALSE,FALSE,FALSE,FALSE,FALSE,FALSE,FALSE,FALSE,FALSE,FALSE,FALSE,FALSE,FALSE,FALSE,FALSE,FALSE,FALSE,